{"info": {"description": null, "url": null, "version": null, "year": 2021, "contributor": null, "date_created": "2021-05-26 17:58:44.251776"}, "licenses": [{"url": null, "id": 0, "name": null}], "images": [{"license": 0, "url": null, "file_name": "JPEGImages\\D02_20210404082747_6.jpg", "height": 1080, "width": 1920, "date_captured": null, "id": 0}, {"license": 0, "url": null, "file_name": "JPEGImages\\D02_20210404115934_1.jpg", "height": 1080, "width": 1920, "date_captured": null, "id": 1}, {"license": 0, "url": null, "file_name": "JPEGImages\\D02_20210404115934_10.jpg", "height": 1080, "width": 1920, "date_captured": null, "id": 2}, {"license": 0, "url": null, "file_name": "JPEGImages\\D02_20210404115934_2.jpg", "height": 1080, "width": 1920, "date_captured": null, "id": 3}, {"license": 0, "url": null, "file_name": "JPEGImages\\D02_20210404115934_3.jpg", "height": 1080, "width": 1920, "date_captured": null, "id": 4}, {"license": 0, "url": null, "file_name": "JPEGImages\\D02_20210404115934_8.jpg", "height": 1080, "width": 1920, "date_captured": null, "id": 5}, {"license": 0, "url": null, "file_name": "JPEGImages\\D02_20210404115934_9.jpg", "height": 1080, "width": 1920, "date_captured": null, "id": 6}, {"license": 0, "url": null, "file_name": "JPEGImages\\D02_20210404182737_5.jpg", "height": 1080, "width": 1920, "date_captured": null, "id": 7}, {"license": 0, "url": null, "file_name": "JPEGImages\\D02_20210404182737_6.jpg", "height": 1080, "width": 1920, "date_captured": null, "id": 8}, {"license": 0, "url": null, "file_name": "JPEGImages\\D02_20210404182737_7.jpg", "height": 1080, "width": 1920, "date_captured": null, "id": 9}, {"license": 0, "url": null, "file_name": "JPEGImages\\D02_20210404182737_9.jpg", "height": 1080, "width": 1920, "date_captured": null, "id": 10}, {"license": 0, "url": null, "file_name": "JPEGImages\\D02_20210405061337_10.jpg", "height": 1080, "width": 1920, "date_captured": null, "id": 11}, {"license": 0, "url": null, "file_name": "JPEGImages\\D02_20210405061337_2.jpg", "height": 1080, "width": 1920, "date_captured": null, "id": 12}, {"license": 0, "url": null, "file_name": "JPEGImages\\D02_20210405061337_3.jpg", "height": 1080, "width": 1920, "date_captured": null, "id": 13}, {"license": 0, "url": null, "file_name": "JPEGImages\\D02_20210405061337_4.jpg", "height": 1080, "width": 1920, "date_captured": null, "id": 14}, {"license": 0, "url": null, "file_name": "JPEGImages\\D02_20210405061337_9.jpg", "height": 1080, "width": 1920, "date_captured": null, "id": 15}, {"license": 0, "url": null, "file_name": "JPEGImages\\D02_20210406173128_10.jpg", "height": 1080, "width": 1920, "date_captured": null, "id": 16}, {"license": 0, "url": null, "file_name": "JPEGImages\\D02_20210406173128_5.jpg", "height": 1080, "width": 1920, "date_captured": null, "id": 17}, {"license": 0, "url": null, "file_name": "JPEGImages\\D02_20210406173128_6.jpg", "height": 1080, "width": 1920, "date_captured": null, "id": 18}, {"license": 0, "url": null, "file_name": "JPEGImages\\D02_20210406173128_7.jpg", "height": 1080, "width": 1920, "date_captured": null, "id": 19}, {"license": 0, "url": null, "file_name": "JPEGImages\\D02_20210406173128_8.jpg", "height": 1080, "width": 1920, "date_captured": null, "id": 20}, {"license": 0, "url": null, "file_name": "JPEGImages\\D02_20210406173128_9.jpg", "height": 1080, "width": 1920, "date_captured": null, "id": 21}, {"license": 0, "url": null, "file_name": "JPEGImages\\D02_20210408175724_1.jpg", "height": 1080, "width": 1920, "date_captured": null, "id": 22}, {"license": 0, "url": null, "file_name": "JPEGImages\\D02_20210408175724_2.jpg", "height": 1080, "width": 1920, "date_captured": null, "id": 23}, {"license": 0, "url": null, "file_name": "JPEGImages\\D02_20210408175724_3.jpg", "height": 1080, "width": 1920, "date_captured": null, "id": 24}, {"license": 0, "url": null, "file_name": "JPEGImages\\D02_20210408175724_4.jpg", "height": 1080, "width": 1920, "date_captured": null, "id": 25}, {"license": 0, "url": null, "file_name": "JPEGImages\\D02_20210408175724_5.jpg", "height": 1080, "width": 1920, "date_captured": null, "id": 26}, {"license": 0, "url": null, "file_name": "JPEGImages\\D02_20210408175724_6.jpg", "height": 1080, "width": 1920, "date_captured": null, "id": 27}, {"license": 0, "url": null, "file_name": "JPEGImages\\D02_20210409084059_10.jpg", "height": 1080, "width": 1920, "date_captured": null, "id": 28}, {"license": 0, "url": null, "file_name": "JPEGImages\\D02_20210409084059_2.jpg", "height": 1080, "width": 1920, "date_captured": null, "id": 29}, {"license": 0, "url": null, "file_name": "JPEGImages\\D02_20210409084059_3.jpg", "height": 1080, "width": 1920, "date_captured": null, "id": 30}, {"license": 0, "url": null, "file_name": "JPEGImages\\D02_20210409084059_4.jpg", "height": 1080, "width": 1920, "date_captured": null, "id": 31}, {"license": 0, "url": null, "file_name": "JPEGImages\\D02_20210409084059_5.jpg", "height": 1080, "width": 1920, "date_captured": null, "id": 32}, {"license": 0, "url": null, "file_name": "JPEGImages\\D02_20210409084059_6.jpg", "height": 1080, "width": 1920, "date_captured": null, "id": 33}, {"license": 0, "url": null, "file_name": "JPEGImages\\D02_20210409084059_7.jpg", "height": 1080, "width": 1920, "date_captured": null, "id": 34}, {"license": 0, "url": null, "file_name": "JPEGImages\\D02_20210409084059_8.jpg", "height": 1080, "width": 1920, "date_captured": null, "id": 35}, {"license": 0, "url": null, "file_name": "JPEGImages\\D02_20210409084059_9.jpg", "height": 1080, "width": 1920, "date_captured": null, "id": 36}, {"license": 0, "url": null, "file_name": "JPEGImages\\D02_20210415173559_10.jpg", "height": 1080, "width": 1920, "date_captured": null, "id": 37}, {"license": 0, "url": null, "file_name": "JPEGImages\\D02_20210415173559_3.jpg", "height": 1080, "width": 1920, "date_captured": null, "id": 38}, {"license": 0, "url": null, "file_name": "JPEGImages\\D02_20210415173559_4.jpg", "height": 1080, "width": 1920, "date_captured": null, "id": 39}, {"license": 0, "url": null, "file_name": "JPEGImages\\D02_20210415173559_5.jpg", "height": 1080, "width": 1920, "date_captured": null, "id": 40}, {"license": 0, "url": null, "file_name": "JPEGImages\\D02_20210418061301_1.jpg", "height": 1080, "width": 1920, "date_captured": null, "id": 41}, {"license": 0, "url": null, "file_name": "JPEGImages\\D02_20210418061301_10.jpg", "height": 1080, "width": 1920, "date_captured": null, "id": 42}, {"license": 0, "url": null, "file_name": "JPEGImages\\D02_20210418061301_2.jpg", "height": 1080, "width": 1920, "date_captured": null, "id": 43}, {"license": 0, "url": null, "file_name": "JPEGImages\\D02_20210418061301_3.jpg", "height": 1080, "width": 1920, "date_captured": null, "id": 44}, {"license": 0, "url": null, "file_name": "JPEGImages\\D02_20210418061301_4.jpg", "height": 1080, "width": 1920, "date_captured": null, "id": 45}, {"license": 0, "url": null, "file_name": "JPEGImages\\D02_20210418061301_5.jpg", "height": 1080, "width": 1920, "date_captured": null, "id": 46}, {"license": 0, "url": null, "file_name": "JPEGImages\\D02_20210418061301_6.jpg", "height": 1080, "width": 1920, "date_captured": null, "id": 47}, {"license": 0, "url": null, "file_name": "JPEGImages\\D02_20210418061301_7.jpg", "height": 1080, "width": 1920, "date_captured": null, "id": 48}, {"license": 0, "url": null, "file_name": "JPEGImages\\D02_20210418061301_8.jpg", "height": 1080, "width": 1920, "date_captured": null, "id": 49}, {"license": 0, "url": null, "file_name": "JPEGImages\\D02_20210418061301_9.jpg", "height": 1080, "width": 1920, "date_captured": null, "id": 50}, {"license": 0, "url": null, "file_name": "JPEGImages\\D02_20210420085124_10.jpg", "height": 1080, "width": 1920, "date_captured": null, "id": 51}, {"license": 0, "url": null, "file_name": "JPEGImages\\D02_20210420085124_2.jpg", "height": 1080, "width": 1920, "date_captured": null, "id": 52}, {"license": 0, "url": null, "file_name": "JPEGImages\\D02_20210420085124_8.jpg", "height": 1080, "width": 1920, "date_captured": null, "id": 53}, {"license": 0, "url": null, "file_name": "JPEGImages\\D02_20210420085124_9.jpg", "height": 1080, "width": 1920, "date_captured": null, "id": 54}, {"license": 0, "url": null, "file_name": "JPEGImages\\D02_20210421100835_2.jpg", "height": 1080, "width": 1920, "date_captured": null, "id": 55}, {"license": 0, "url": null, "file_name": "JPEGImages\\D02_20210421100835_3.jpg", "height": 1080, "width": 1920, "date_captured": null, "id": 56}, {"license": 0, "url": null, "file_name": "JPEGImages\\D02_20210421100835_6.jpg", "height": 1080, "width": 1920, "date_captured": null, "id": 57}, {"license": 0, "url": null, "file_name": "JPEGImages\\D02_20210421100835_7.jpg", "height": 1080, "width": 1920, "date_captured": null, "id": 58}, {"license": 0, "url": null, "file_name": "JPEGImages\\D02_20210421100835_8.jpg", "height": 1080, "width": 1920, "date_captured": null, "id": 59}], "type": "instances", "annotations": [{"id": 0, "image_id": 0, "category_id": 1, "segmentation": [[1.6585365853658534, 533.1463414634146, 130.92682926829266, 536.8048780487804, 322.390243902439, 541.6829268292682, 477.2682926829268, 547.780487804878, 602.8780487804878, 547.780487804878, 698.0, 558.7560975609756, 765.0731707317073, 556.3170731707316, 815.0731707317073, 557.5365853658536, 926.0487804878048, 574.6097560975609, 1073.6097560975609, 590.4634146341463, 1166.2926829268292, 597.780487804878, 1195.560975609756, 594.1219512195122, 1226.0487804878048, 617.2926829268292, 1262.6341463414633, 647.780487804878, 1335.8048780487804, 702.6585365853658, 1415.0731707317073, 762.4146341463414, 1500.4390243902437, 824.6097560975609, 1566.2926829268292, 872.170731707317, 1655.3170731707316, 939.2439024390243, 1735.8048780487804, 997.780487804878, 1832.1463414634145, 1069.7317073170732, 7.7560975609756095, 1073.390243902439]], "area": 765057.0, "bbox": [1.0, 533.0, 1832.0, 541.0], "iscrowd": 0}, {"id": 1, "image_id": 1, "category_id": 1, "segmentation": [[6.536585365853657, 531.9268292682926, 117.51219512195121, 531.9268292682926, 237.02439024390242, 536.8048780487804, 332.1463414634146, 538.0243902439024, 435.80487804878044, 545.3414634146341, 521.170731707317, 547.780487804878, 567.5121951219512, 547.780487804878, 595.560975609756, 540.4634146341463, 624.8292682926829, 539.2439024390244, 650.4390243902438, 538.0243902439024, 713.8536585365853, 546.560975609756, 797.9999999999999, 555.0975609756097, 847.9999999999999, 563.6341463414634, 952.8780487804877, 578.2682926829268, 1055.3170731707316, 590.4634146341463, 1152.8780487804877, 596.560975609756, 1196.780487804878, 592.9024390243902, 1244.341463414634, 627.0487804878048, 1291.90243902439, 670.951219512195, 1352.8780487804877, 714.8536585365853, 1452.8780487804877, 785.5853658536585, 1539.4634146341461, 851.4390243902438, 1596.780487804878, 895.3414634146341, 1680.9268292682925, 955.0975609756097, 1763.8536585365853, 1020.9512195121949, 1828.4878048780486, 1068.5121951219512, 8.97560975609756, 1070.951219512195]], "area": 763677.0, "bbox": [6.0, 531.0, 1823.0, 540.0], "iscrowd": 0}, {"id": 2, "image_id": 2, "category_id": 1, "segmentation": [[7.7560975609756095, 530.7073170731707, 118.73170731707316, 535.5853658536585, 265.0731707317073, 540.4634146341463, 380.92682926829264, 544.1219512195122, 501.6585365853658, 551.4390243902438, 569.951219512195, 552.6585365853658, 595.560975609756, 544.1219512195122, 633.3658536585366, 542.9024390243902, 673.6097560975609, 542.9024390243902, 739.4634146341463, 550.2195121951219, 804.0975609756097, 556.3170731707316, 877.2682926829268, 569.7317073170731, 974.8292682926829, 581.9268292682926, 1093.121951219512, 594.1219512195122, 1194.341463414634, 591.6829268292682, 1208.9756097560974, 607.5365853658536, 1255.3170731707316, 642.9024390243902, 1333.3658536585365, 700.2195121951219, 1418.731707317073, 761.1951219512194, 1508.9756097560974, 825.8292682926829, 1597.9999999999998, 898.9999999999999, 1680.9268292682925, 961.1951219512194, 1824.8292682926829, 1067.2926829268292, 6.536585365853657, 1073.390243902439]], "area": 762319.0, "bbox": [6.0, 530.0, 1819.0, 544.0], "iscrowd": 0}, {"id": 3, "image_id": 3, "category_id": 1, "segmentation": [[10.19512195121951, 538.0243902439024, 155.3170731707317, 541.6829268292682, 385.80487804878044, 549.0, 499.2195121951219, 552.6585365853658, 593.1219512195122, 553.8780487804878, 640.6829268292682, 545.3414634146341, 701.6585365853658, 552.6585365853658, 747.9999999999999, 552.6585365853658, 816.2926829268292, 558.7560975609756, 900.4390243902438, 569.7317073170731, 1018.7317073170731, 588.0243902439024, 1115.0731707317073, 592.9024390243902, 1202.8780487804877, 596.560975609756, 1222.390243902439, 622.170731707317, 1298.0, 670.951219512195, 1371.170731707317, 728.2682926829268, 1455.3170731707316, 791.6829268292682, 1561.4146341463413, 866.0731707317073, 1667.512195121951, 951.4390243902438, 1763.8536585365853, 1024.6097560975609, 1832.1463414634145, 1067.2926829268292, 8.97560975609756, 1074.6097560975609]], "area": 758655.0, "bbox": [8.0, 538.0, 1825.0, 537.0], "iscrowd": 0}, {"id": 4, "image_id": 4, "category_id": 1, "segmentation": [[11.414634146341463, 540.4634146341463, 148.0, 539.2439024390244, 343.12195121951214, 546.560975609756, 474.8292682926829, 552.6585365853658, 550.4390243902438, 556.3170731707316, 595.560975609756, 547.780487804878, 644.3414634146341, 547.780487804878, 704.0975609756097, 546.560975609756, 800.4390243902438, 559.9756097560975, 895.560975609756, 575.8292682926829, 987.0243902439024, 581.9268292682926, 1099.219512195122, 591.6829268292682, 1195.560975609756, 596.560975609756, 1246.780487804878, 628.2682926829268, 1290.6829268292681, 672.170731707317, 1354.0975609756097, 717.2926829268292, 1437.0243902439024, 779.4878048780487, 1534.5853658536585, 844.1219512195121, 1634.5853658536585, 927.0487804878048, 1744.341463414634, 1001.4390243902437, 1829.7073170731705, 1067.2926829268292, 6.536585365853657, 1068.5121951219512]], "area": 754233.0, "bbox": [6.0, 539.0, 1824.0, 530.0], "iscrowd": 0}, {"id": 5, "image_id": 5, "category_id": 1, "segmentation": [[10.19512195121951, 516.0731707317073, 158.97560975609755, 525.8292682926829, 322.390243902439, 536.8048780487804, 471.17073170731703, 545.3414634146341, 555.3170731707316, 544.1219512195122, 615.0731707317073, 547.780487804878, 680.9268292682926, 546.560975609756, 739.4634146341463, 549.0, 849.2195121951219, 564.8536585365853, 974.8292682926829, 579.4878048780487, 1106.5365853658536, 592.9024390243902, 1196.780487804878, 595.3414634146341, 1228.4878048780488, 618.5121951219512, 1289.4634146341461, 662.4146341463414, 1369.951219512195, 734.3658536585365, 1478.4878048780486, 806.3170731707316, 1613.8536585365853, 913.6341463414633, 1826.0487804878048, 1069.7317073170732, 8.97560975609756, 1070.951219512195]], "area": 763769.0, "bbox": [8.0, 516.0, 1819.0, 555.0], "iscrowd": 0}, {"id": 6, "image_id": 6, "category_id": 1, "segmentation": [[6.536585365853657, 514.8536585365853, 137.02439024390242, 527.0487804878048, 291.9024390243902, 535.5853658536585, 456.5365853658536, 544.1219512195122, 566.2926829268292, 550.2195121951219, 641.9024390243902, 549.0, 695.560975609756, 544.1219512195122, 752.8780487804878, 551.4390243902438, 854.0975609756097, 564.8536585365853, 974.8292682926829, 577.0487804878048, 1085.8048780487804, 589.2439024390244, 1196.780487804878, 591.6829268292682, 1219.951219512195, 619.7317073170731, 1272.390243902439, 656.3170731707316, 1330.9268292682925, 703.8780487804878, 1418.731707317073, 764.8536585365853, 1512.6341463414633, 824.6097560975609, 1595.560975609756, 898.9999999999999, 1696.780487804878, 964.8536585365853, 1829.7073170731705, 1073.390243902439, 10.19512195121951, 1073.390243902439]], "area": 772573.0, "bbox": [6.0, 514.0, 1824.0, 560.0], "iscrowd": 0}, {"id": 7, "image_id": 7, "category_id": 1, "segmentation": [[4.097560975609755, 534.3658536585366, 111.41463414634146, 539.2439024390244, 219.9512195121951, 539.2439024390244, 337.0243902439024, 545.3414634146341, 390.68292682926824, 541.6829268292682, 446.780487804878, 545.3414634146341, 494.3414634146341, 545.3414634146341, 543.1219512195122, 546.560975609756, 607.7560975609756, 547.780487804878, 678.4878048780487, 553.8780487804878, 740.6829268292682, 552.6585365853658, 827.2682926829268, 559.9756097560975, 956.5365853658536, 577.0487804878048, 1090.6829268292681, 591.6829268292682, 1194.341463414634, 596.560975609756, 1230.9268292682925, 628.2682926829268, 1294.341463414634, 670.951219512195, 1360.1951219512193, 722.170731707317, 1434.5853658536585, 775.8292682926829, 1528.4878048780486, 842.9024390243902, 1640.6829268292681, 927.0487804878048, 1738.2439024390242, 999.0, 1835.8048780487804, 1072.170731707317, 8.97560975609756, 1074.6097560975609]], "area": 767919.0, "bbox": [4.0, 534.0, 1832.0, 541.0], "iscrowd": 0}, {"id": 8, "image_id": 8, "category_id": 1, "segmentation": [[6.536585365853657, 531.9268292682926, 115.07317073170731, 536.8048780487804, 254.09756097560972, 542.9024390243902, 362.6341463414634, 542.9024390243902, 465.0731707317073, 549.0, 538.2439024390244, 549.0, 580.9268292682926, 549.0, 615.0731707317073, 549.0, 654.0975609756097, 551.4390243902438, 700.4390243902438, 551.4390243902438, 758.9756097560975, 550.2195121951219, 854.0975609756097, 562.4146341463414, 972.3902439024389, 575.8292682926829, 1078.4878048780488, 586.8048780487804, 1157.7560975609756, 592.9024390243902, 1201.6585365853657, 592.9024390243902, 1232.1463414634145, 623.390243902439, 1293.121951219512, 668.5121951219512, 1358.9756097560974, 722.170731707317, 1457.7560975609756, 790.4634146341463, 1546.780487804878, 850.2195121951219, 1615.0731707317073, 911.1951219512194, 1716.2926829268292, 986.8048780487804, 1771.170731707317, 1028.2682926829268, 1829.7073170731705, 1073.390243902439, 7.7560975609756095, 1072.170731707317]], "area": 768096.0, "bbox": [6.0, 531.0, 1824.0, 543.0], "iscrowd": 0}, {"id": 9, "image_id": 9, "category_id": 1, "segmentation": [[7.7560975609756095, 534.3658536585366, 110.1951219512195, 535.5853658536585, 232.14634146341461, 540.4634146341463, 340.68292682926824, 544.1219512195122, 452.87804878048775, 542.9024390243902, 540.6829268292682, 549.0, 580.9268292682926, 549.0, 615.0731707317073, 552.6585365853658, 679.7073170731707, 553.8780487804878, 727.2682926829268, 556.3170731707316, 801.6585365853658, 561.1951219512194, 843.1219512195121, 561.1951219512194, 911.4146341463414, 569.7317073170731, 987.0243902439024, 578.2682926829268, 1094.341463414634, 592.9024390243902, 1202.8780487804877, 594.1219512195122, 1226.0487804878048, 618.5121951219512, 1269.951219512195, 652.6585365853658, 1319.951219512195, 691.6829268292682, 1383.3658536585365, 740.4634146341463, 1465.0731707317073, 792.9024390243902, 1537.0243902439024, 845.3414634146341, 1595.560975609756, 892.9024390243902, 1668.731707317073, 945.3414634146341, 1746.780487804878, 1002.6585365853657, 1839.4634146341461, 1074.6097560975609, 12.634146341463413, 1072.170731707317]], "area": 767389.0, "bbox": [7.0, 534.0, 1833.0, 541.0], "iscrowd": 0}, {"id": 10, "image_id": 10, "category_id": 1, "segmentation": [[2.8780487804878048, 531.9268292682926, 102.8780487804878, 536.8048780487804, 218.73170731707316, 540.4634146341463, 335.80487804878044, 544.1219512195122, 422.390243902439, 539.2439024390244, 519.951219512195, 550.2195121951219, 577.2682926829268, 550.2195121951219, 627.2682926829268, 556.3170731707316, 677.2682926829268, 552.6585365853658, 735.8048780487804, 552.6585365853658, 782.1463414634146, 556.3170731707316, 868.7317073170731, 562.4146341463414, 989.4634146341463, 578.2682926829268, 1066.2926829268292, 591.6829268292682, 1146.780487804878, 596.560975609756, 1191.90243902439, 595.3414634146341, 1210.1951219512193, 614.8536585365853, 1246.780487804878, 638.0243902439024, 1296.780487804878, 670.951219512195, 1340.6829268292681, 703.8780487804878, 1399.2195121951218, 745.3414634146341, 1455.3170731707316, 784.3658536585365, 1529.7073170731705, 844.1219512195121, 1641.90243902439, 919.7317073170731, 1738.2439024390242, 1008.7560975609756, 1830.9268292682925, 1070.951219512195, 10.19512195121951, 1073.390243902439]], "area": 765948.0, "bbox": [2.0, 531.0, 1829.0, 543.0], "iscrowd": 0}, {"id": 11, "image_id": 11, "category_id": 1, "segmentation": [[4.097560975609755, 530.7073170731707, 139.46341463414632, 542.9024390243902, 260.1951219512195, 542.9024390243902, 397.99999999999994, 549.0, 515.0731707317073, 546.560975609756, 615.0731707317073, 546.560975609756, 679.7073170731707, 552.6585365853658, 744.3414634146341, 551.4390243902438, 816.2926829268292, 561.1951219512194, 890.6829268292682, 572.170731707317, 1004.0975609756097, 585.5853658536585, 1098.0, 591.6829268292682, 1182.1463414634145, 596.560975609756, 1196.780487804878, 596.560975609756, 1229.7073170731705, 623.390243902439, 1260.1951219512193, 645.3414634146341, 1312.6341463414633, 683.1463414634146, 1371.170731707317, 728.2682926829268, 1460.1951219512193, 789.2439024390243, 1546.780487804878, 855.0975609756097, 1635.8048780487804, 927.0487804878048, 1722.390243902439, 977.0487804878048, 1780.9268292682925, 1031.9268292682925, 1822.390243902439, 1068.5121951219512, 10.19512195121951, 1072.170731707317]], "area": 761519.0, "bbox": [4.0, 530.0, 1819.0, 543.0], "iscrowd": 0}, {"id": 12, "image_id": 12, "category_id": 1, "segmentation": [[6.536585365853657, 533.1463414634146, 121.17073170731706, 540.4634146341463, 185.80487804878047, 536.8048780487804, 307.7560975609756, 538.0243902439024, 427.2682926829268, 541.6829268292682, 489.4634146341463, 547.780487804878, 572.390243902439, 546.560975609756, 644.3414634146341, 555.0975609756097, 719.951219512195, 553.8780487804878, 771.170731707317, 556.3170731707316, 839.4634146341463, 561.1951219512194, 883.3658536585365, 566.0731707317073, 1001.6585365853658, 581.9268292682926, 1102.8780487804877, 591.6829268292682, 1171.170731707317, 591.6829268292682, 1196.780487804878, 591.6829268292682, 1223.6097560975609, 620.951219512195, 1274.8292682926829, 652.6585365853658, 1305.3170731707316, 681.9268292682926, 1366.2926829268292, 723.390243902439, 1424.8292682926829, 769.7317073170731, 1499.2195121951218, 818.5121951219512, 1563.8536585365853, 870.951219512195, 1641.90243902439, 930.7073170731707, 1724.8292682926829, 988.0243902439024, 1794.341463414634, 1038.0243902439024, 1830.9268292682925, 1069.7317073170732, 10.19512195121951, 1072.170731707317, 10.19512195121951, 550.2195121951219]], "area": 762691.0, "bbox": [6.0, 533.0, 1825.0, 540.0], "iscrowd": 0}, {"id": 13, "image_id": 13, "category_id": 1, "segmentation": [[10.19512195121951, 533.1463414634146, 167.5121951219512, 536.8048780487804, 321.17073170731703, 544.1219512195122, 440.68292682926824, 544.1219512195122, 561.4146341463414, 547.780487804878, 661.4146341463414, 551.4390243902438, 733.3658536585365, 555.0975609756097, 861.4146341463414, 567.2926829268292, 954.0975609756097, 579.4878048780487, 1017.5121951219511, 585.5853658536585, 1099.219512195122, 594.1219512195122, 1165.0731707317073, 596.560975609756, 1199.2195121951218, 601.4390243902438, 1254.0975609756097, 642.9024390243902, 1333.3658536585365, 700.2195121951219, 1423.6097560975609, 766.0731707317073, 1518.731707317073, 833.1463414634146, 1619.951219512195, 909.9756097560975, 1721.170731707317, 983.1463414634145, 1834.5853658536585, 1069.7317073170732, 7.7560975609756095, 1073.390243902439]], "area": 763131.0, "bbox": [7.0, 533.0, 1828.0, 541.0], "iscrowd": 0}, {"id": 14, "image_id": 14, "category_id": 1, "segmentation": [[6.536585365853657, 531.9268292682926, 110.1951219512195, 540.4634146341463, 235.80487804878047, 542.9024390243902, 354.0975609756097, 544.1219512195122, 443.12195121951214, 544.1219512195122, 545.560975609756, 545.3414634146341, 634.5853658536585, 552.6585365853658, 716.2926829268292, 558.7560975609756, 821.170731707317, 566.0731707317073, 893.1219512195121, 573.390243902439, 966.2926829268292, 574.6097560975609, 1038.2439024390244, 588.0243902439024, 1148.0, 601.4390243902438, 1198.0, 590.4634146341463, 1238.2439024390244, 634.3658536585365, 1296.780487804878, 673.390243902439, 1369.951219512195, 730.7073170731707, 1456.5365853658536, 788.0243902439024, 1555.3170731707316, 857.5365853658536, 1663.8536585365853, 942.9024390243902, 1765.0731707317073, 1017.2926829268292, 1838.2439024390242, 1073.390243902439, 8.97560975609756, 1070.951219512195]], "area": 763538.0, "bbox": [6.0, 531.0, 1833.0, 543.0], "iscrowd": 0}, {"id": 15, "image_id": 15, "category_id": 1, "segmentation": [[10.19512195121951, 536.8048780487804, 145.5609756097561, 540.4634146341463, 268.73170731707313, 542.9024390243902, 372.390243902439, 547.780487804878, 469.9512195121951, 539.2439024390244, 558.9756097560975, 545.3414634146341, 657.7560975609756, 549.0, 722.390243902439, 549.0, 787.0243902439024, 551.4390243902438, 857.7560975609755, 563.6341463414634, 962.6341463414633, 574.6097560975609, 1055.3170731707316, 590.4634146341463, 1134.5853658536585, 590.4634146341463, 1195.560975609756, 595.3414634146341, 1240.6829268292681, 628.2682926829268, 1301.6585365853657, 672.170731707317, 1358.9756097560974, 722.170731707317, 1428.4878048780486, 770.951219512195, 1517.5121951219512, 827.0487804878048, 1578.4878048780486, 885.5853658536585, 1649.2195121951218, 935.5853658536585, 1745.560975609756, 1001.4390243902437, 1802.8780487804877, 1044.121951219512, 1834.5853658536585, 1072.170731707317, 4.097560975609755, 1073.390243902439]], "area": 768524.0, "bbox": [4.0, 536.0, 1831.0, 538.0], "iscrowd": 0}, {"id": 16, "image_id": 16, "category_id": 1, "segmentation": [[6.536585365853657, 535.5853658536585, 168.73170731707316, 541.6829268292682, 258.9756097560975, 541.6829268292682, 411.4146341463414, 544.1219512195122, 524.8292682926829, 544.1219512195122, 618.7317073170731, 551.4390243902438, 684.5853658536585, 557.5365853658536, 756.5365853658536, 562.4146341463414, 818.7317073170731, 562.4146341463414, 878.4878048780487, 569.7317073170731, 952.8780487804877, 575.8292682926829, 1060.1951219512193, 588.0243902439024, 1135.8048780487804, 594.1219512195122, 1196.780487804878, 596.560975609756, 1261.4146341463413, 639.2439024390243, 1308.9756097560974, 685.5853658536585, 1435.8048780487804, 774.6097560975609, 1583.3658536585365, 885.5853658536585, 1694.341463414634, 973.3902439024389, 1822.390243902439, 1068.5121951219512, 7.7560975609756095, 1073.390243902439]], "area": 760865.0, "bbox": [6.0, 535.0, 1817.0, 539.0], "iscrowd": 0}, {"id": 17, "image_id": 17, "category_id": 1, "segmentation": [[6.536585365853657, 531.9268292682926, 145.5609756097561, 540.4634146341463, 271.17073170731703, 546.560975609756, 423.60975609756093, 553.8780487804878, 561.4146341463414, 563.6341463414634, 690.6829268292682, 568.5121951219512, 779.7073170731707, 575.8292682926829, 873.6097560975609, 578.2682926829268, 968.7317073170731, 585.5853658536585, 1060.1951219512193, 595.3414634146341, 1116.2926829268292, 592.9024390243902, 1176.0487804878048, 596.560975609756, 1196.780487804878, 596.560975609756, 1226.0487804878048, 617.2926829268292, 1273.6097560975609, 649.0, 1337.0243902439024, 702.6585365853658, 1424.8292682926829, 767.2926829268292, 1533.3658536585365, 839.2439024390243, 1633.3658536585365, 922.170731707317, 1750.4390243902437, 1008.7560975609756, 1835.8048780487804, 1074.6097560975609, 7.7560975609756095, 1073.390243902439]], "area": 759965.0, "bbox": [6.0, 531.0, 1830.0, 544.0], "iscrowd": 0}, {"id": 18, "image_id": 18, "category_id": 1, "segmentation": [[7.7560975609756095, 538.0243902439024, 127.26829268292681, 538.0243902439024, 311.4146341463414, 540.4634146341463, 423.60975609756093, 547.780487804878, 551.6585365853658, 551.4390243902438, 654.0975609756097, 553.8780487804878, 755.3170731707316, 568.5121951219512, 830.9268292682926, 574.6097560975609, 943.1219512195121, 588.0243902439024, 1016.2926829268292, 588.0243902439024, 1083.3658536585365, 590.4634146341463, 1154.0975609756097, 595.3414634146341, 1195.560975609756, 591.6829268292682, 1218.7317073170732, 617.2926829268292, 1285.8048780487804, 663.6341463414634, 1369.951219512195, 728.2682926829268, 1465.0731707317073, 798.9999999999999, 1562.6341463414633, 869.7317073170731, 1657.7560975609754, 942.9024390243902, 1771.170731707317, 1031.9268292682925, 1823.6097560975609, 1069.7317073170732, 7.7560975609756095, 1072.170731707317]], "area": 756692.0, "bbox": [7.0, 538.0, 1817.0, 535.0], "iscrowd": 0}, {"id": 19, "image_id": 19, "category_id": 1, "segmentation": [[7.7560975609756095, 530.7073170731707, 172.390243902439, 541.6829268292682, 362.6341463414634, 540.4634146341463, 493.12195121951214, 546.560975609756, 589.4634146341463, 552.6585365853658, 713.8536585365853, 558.7560975609756, 810.1951219512194, 566.0731707317073, 872.390243902439, 566.0731707317073, 1006.5365853658536, 580.7073170731707, 1098.0, 588.0243902439024, 1183.3658536585365, 599.0, 1201.6585365853657, 602.6585365853658, 1237.0243902439024, 629.4878048780487, 1269.951219512195, 649.0, 1363.8536585365853, 725.8292682926829, 1500.4390243902437, 823.390243902439, 1623.6097560975609, 912.4146341463414, 1752.8780487804877, 1009.9756097560976, 1833.3658536585365, 1070.951219512195, 16.29268292682927, 1070.951219512195]], "area": 759752.0, "bbox": [7.0, 530.0, 1827.0, 541.0], "iscrowd": 0}, {"id": 20, "image_id": 20, "category_id": 1, "segmentation": [[1.6585365853658534, 529.4878048780488, 123.60975609756096, 535.5853658536585, 262.6341463414634, 539.2439024390244, 407.7560975609756, 542.9024390243902, 537.0243902439024, 542.9024390243902, 637.0243902439024, 551.4390243902438, 729.7073170731707, 562.4146341463414, 824.8292682926829, 567.2926829268292, 858.9756097560975, 564.8536585365853, 990.6829268292682, 578.2682926829268, 1116.2926829268292, 592.9024390243902, 1198.0, 595.3414634146341, 1257.7560975609756, 641.6829268292682, 1344.341463414634, 709.9756097560975, 1480.9268292682925, 803.8780487804877, 1619.951219512195, 917.2926829268292, 1824.8292682926829, 1064.8536585365853, 8.97560975609756, 1070.951219512195]], "area": 758450.0, "bbox": [1.0, 529.0, 1824.0, 542.0], "iscrowd": 0}, {"id": 21, "image_id": 21, "category_id": 1, "segmentation": [[2.8780487804878048, 531.9268292682926, 145.5609756097561, 540.4634146341463, 323.60975609756093, 549.0, 494.3414634146341, 549.0, 632.1463414634146, 555.0975609756097, 729.7073170731707, 558.7560975609756, 832.1463414634146, 566.0731707317073, 857.7560975609755, 559.9756097560975, 976.0487804878048, 574.6097560975609, 1091.90243902439, 588.0243902439024, 1195.560975609756, 592.9024390243902, 1232.1463414634145, 624.6097560975609, 1305.3170731707316, 679.4878048780487, 1401.6585365853657, 748.9999999999999, 1527.2682926829268, 835.5853658536585, 1685.8048780487804, 964.8536585365853, 1823.6097560975609, 1068.5121951219512, 6.536585365853657, 1073.390243902439]], "area": 763260.0, "bbox": [2.0, 531.0, 1822.0, 543.0], "iscrowd": 0}, {"id": 22, "image_id": 22, "category_id": 1, "segmentation": [[11.414634146341463, 536.8048780487804, 174.8292682926829, 538.0243902439024, 339.4634146341463, 544.1219512195122, 473.60975609756093, 555.0975609756097, 585.8048780487804, 553.8780487804878, 679.7073170731707, 553.8780487804878, 732.1463414634146, 553.8780487804878, 785.8048780487804, 553.8780487804878, 850.4390243902438, 559.9756097560975, 956.5365853658536, 574.6097560975609, 1016.2926829268292, 580.7073170731707, 1106.5365853658536, 591.6829268292682, 1161.4146341463413, 592.9024390243902, 1196.780487804878, 590.4634146341463, 1274.8292682926829, 653.8780487804878, 1395.560975609756, 742.9024390243902, 1545.560975609756, 852.6585365853658, 1663.8536585365853, 945.3414634146341, 1772.390243902439, 1024.6097560975609, 1845.560975609756, 1078.2682926829268, 8.97560975609756, 1077.0487804878048]], "area": 775312.0, "bbox": [8.0, 536.0, 1838.0, 543.0], "iscrowd": 0}, {"id": 23, "image_id": 23, "category_id": 1, "segmentation": [[7.7560975609756095, 534.3658536585366, 129.7073170731707, 540.4634146341463, 295.5609756097561, 549.0, 408.9756097560975, 551.4390243902438, 518.7317073170732, 551.4390243902438, 619.951219512195, 549.0, 683.3658536585365, 551.4390243902438, 729.7073170731707, 551.4390243902438, 757.7560975609756, 551.4390243902438, 844.3414634146341, 562.4146341463414, 937.0243902439024, 572.170731707317, 1056.5365853658536, 589.2439024390244, 1133.3658536585365, 592.9024390243902, 1190.6829268292681, 596.560975609756, 1246.780487804878, 634.3658536585365, 1335.8048780487804, 701.4390243902438, 1450.4390243902437, 783.1463414634146, 1591.90243902439, 886.8048780487804, 1719.951219512195, 986.8048780487804, 1832.1463414634145, 1069.7317073170732, 7.7560975609756095, 1073.390243902439]], "area": 762711.0, "bbox": [7.0, 534.0, 1826.0, 540.0], "iscrowd": 0}, {"id": 24, "image_id": 24, "category_id": 1, "segmentation": [[5.317073170731707, 533.1463414634146, 129.7073170731707, 534.3658536585366, 272.390243902439, 538.0243902439024, 457.75609756097555, 552.6585365853658, 579.7073170731707, 553.8780487804878, 676.0487804878048, 553.8780487804878, 721.170731707317, 547.780487804878, 755.3170731707316, 547.780487804878, 811.4146341463414, 555.0975609756097, 905.3170731707316, 572.170731707317, 1008.9756097560975, 585.5853658536585, 1088.2439024390244, 594.1219512195122, 1198.0, 594.1219512195122, 1238.2439024390244, 625.8292682926829, 1328.4878048780488, 690.4634146341463, 1434.5853658536585, 768.5121951219512, 1513.8536585365853, 835.5853658536585, 1607.7560975609754, 906.3170731707316, 1719.951219512195, 985.5853658536585, 1839.4634146341461, 1069.7317073170732, 10.19512195121951, 1073.390243902439]], "area": 764494.0, "bbox": [5.0, 533.0, 1835.0, 541.0], "iscrowd": 0}, {"id": 25, "image_id": 25, "category_id": 1, "segmentation": [[12.634146341463413, 538.0243902439024, 139.46341463414632, 538.0243902439024, 243.12195121951217, 538.0243902439024, 385.80487804878044, 545.3414634146341, 489.4634146341463, 545.3414634146341, 582.1463414634146, 547.780487804878, 650.4390243902438, 547.780487804878, 693.1219512195122, 547.780487804878, 729.7073170731707, 547.780487804878, 822.390243902439, 556.3170731707316, 913.8536585365853, 570.951219512195, 1005.3170731707316, 578.2682926829268, 1133.3658536585365, 594.1219512195122, 1196.780487804878, 591.6829268292682, 1249.2195121951218, 634.3658536585365, 1301.6585365853657, 670.951219512195, 1399.2195121951218, 747.780487804878, 1504.0975609756097, 820.951219512195, 1612.6341463414633, 909.9756097560975, 1695.560975609756, 968.5121951219511, 1799.2195121951218, 1041.6829268292681, 1834.5853658536585, 1070.951219512195, 6.536585365853657, 1074.6097560975609]], "area": 768111.0, "bbox": [6.0, 538.0, 1829.0, 537.0], "iscrowd": 0}, {"id": 26, "image_id": 26, "category_id": 1, "segmentation": [[5.317073170731707, 538.0243902439024, 106.53658536585365, 538.0243902439024, 252.87804878048777, 528.2682926829268, 355.3170731707317, 534.3658536585366, 474.8292682926829, 546.560975609756, 571.170731707317, 551.4390243902438, 651.6585365853658, 551.4390243902438, 713.8536585365853, 550.2195121951219, 762.6341463414634, 550.2195121951219, 852.8780487804877, 563.6341463414634, 966.2926829268292, 573.390243902439, 1072.390243902439, 591.6829268292682, 1126.0487804878048, 597.780487804878, 1194.341463414634, 592.9024390243902, 1252.8780487804877, 630.7073170731707, 1311.4146341463413, 683.1463414634146, 1382.1463414634145, 733.1463414634146, 1463.8536585365853, 795.3414634146341, 1558.9756097560974, 863.6341463414633, 1682.1463414634145, 962.4146341463414, 1796.780487804878, 1040.4634146341461, 1833.3658536585365, 1070.951219512195, 6.536585365853657, 1072.170731707317]], "area": 768301.0, "bbox": [5.0, 528.0, 1829.0, 545.0], "iscrowd": 0}, {"id": 27, "image_id": 27, "category_id": 1, "segmentation": [[6.536585365853657, 534.3658536585366, 122.39024390243901, 536.8048780487804, 206.53658536585365, 535.5853658536585, 345.5609756097561, 535.5853658536585, 402.8780487804878, 535.5853658536585, 493.12195121951214, 544.1219512195122, 574.8292682926829, 544.1219512195122, 654.0975609756097, 552.6585365853658, 716.2926829268292, 557.5365853658536, 797.9999999999999, 566.0731707317073, 857.7560975609755, 570.951219512195, 868.7317073170731, 563.6341463414634, 902.8780487804877, 573.390243902439, 941.9024390243902, 573.390243902439, 1010.1951219512194, 578.2682926829268, 1087.0243902439024, 590.4634146341463, 1162.6341463414633, 601.4390243902438, 1195.560975609756, 592.9024390243902, 1239.4634146341461, 627.0487804878048, 1335.8048780487804, 701.4390243902438, 1468.731707317073, 796.560975609756, 1600.4390243902437, 894.1219512195121, 1749.2195121951218, 1005.0975609756097, 1839.4634146341461, 1075.8292682926829, 5.317073170731707, 1073.390243902439]], "area": 773145.0, "bbox": [5.0, 534.0, 1835.0, 542.0], "iscrowd": 0}, {"id": 28, "image_id": 28, "category_id": 1, "segmentation": [[6.536585365853657, 551.4390243902438, 157.7560975609756, 557.5365853658536, 240.68292682926827, 553.8780487804878, 360.1951219512195, 553.8780487804878, 458.9756097560975, 564.8536585365853, 551.6585365853658, 561.1951219512194, 633.3658536585366, 567.2926829268292, 704.0975609756097, 563.6341463414634, 783.3658536585365, 569.7317073170731, 852.8780487804877, 572.170731707317, 876.0487804878048, 570.951219512195, 930.9268292682926, 568.5121951219512, 1037.0243902439024, 584.3658536585366, 1098.0, 591.6829268292682, 1163.8536585365853, 597.780487804878, 1193.121951219512, 592.9024390243902, 1237.0243902439024, 625.8292682926829, 1312.6341463414633, 673.390243902439, 1380.9268292682925, 734.3658536585365, 1446.780487804878, 773.390243902439, 1488.2439024390242, 802.6585365853658, 1655.3170731707316, 929.4878048780487, 1771.170731707317, 1011.1951219512193, 1834.5853658536585, 1072.170731707317, 4.097560975609755, 1075.8292682926829]], "area": 762802.0, "bbox": [4.0, 551.0, 1831.0, 525.0], "iscrowd": 0}, {"id": 29, "image_id": 29, "category_id": 1, "segmentation": [[4.097560975609755, 530.7073170731707, 85.80487804878048, 531.9268292682926, 166.29268292682926, 529.4878048780488, 240.68292682926827, 529.4878048780488, 305.3170731707317, 538.0243902439024, 361.4146341463414, 539.2439024390244, 446.780487804878, 541.6829268292682, 539.4634146341463, 547.780487804878, 600.4390243902438, 551.4390243902438, 654.0975609756097, 547.780487804878, 691.9024390243902, 547.780487804878, 719.951219512195, 545.3414634146341, 762.6341463414634, 551.4390243902438, 847.9999999999999, 564.8536585365853, 946.780487804878, 572.170731707317, 1055.3170731707316, 589.2439024390244, 1133.3658536585365, 594.1219512195122, 1179.7073170731705, 596.560975609756, 1201.6585365853657, 594.1219512195122, 1238.2439024390244, 624.6097560975609, 1273.6097560975609, 649.0, 1318.731707317073, 688.0243902439024, 1366.2926829268292, 725.8292682926829, 1433.3658536585365, 772.170731707317, 1521.170731707317, 827.0487804878048, 1678.4878048780486, 946.560975609756, 1793.121951219512, 1038.0243902439024, 1835.8048780487804, 1073.390243902439, 5.317073170731707, 1073.390243902439]], "area": 776908.0, "bbox": [4.0, 529.0, 1832.0, 545.0], "iscrowd": 0}, {"id": 30, "image_id": 30, "category_id": 1, "segmentation": [[7.7560975609756095, 530.7073170731707, 108.97560975609755, 530.7073170731707, 267.5121951219512, 533.1463414634146, 396.780487804878, 541.6829268292682, 551.6585365853658, 547.780487804878, 650.4390243902438, 550.2195121951219, 724.8292682926829, 547.780487804878, 806.5365853658536, 557.5365853658536, 910.1951219512194, 572.170731707317, 1008.9756097560975, 581.9268292682926, 1094.341463414634, 591.6829268292682, 1163.8536585365853, 601.4390243902438, 1201.6585365853657, 592.9024390243902, 1219.951219512195, 614.8536585365853, 1257.7560975609756, 638.0243902439024, 1300.4390243902437, 672.170731707317, 1341.90243902439, 701.4390243902438, 1406.5365853658536, 752.6585365853658, 1467.5121951219512, 794.1219512195121, 1533.3658536585365, 842.9024390243902, 1606.5365853658536, 901.4390243902438, 1689.4634146341461, 957.5365853658536, 1773.6097560975609, 1019.7317073170732, 1845.560975609756, 1074.6097560975609, 8.97560975609756, 1074.6097560975609]], "area": 775697.0, "bbox": [7.0, 530.0, 1839.0, 545.0], "iscrowd": 0}, {"id": 31, "image_id": 31, "category_id": 1, "segmentation": [[4.097560975609755, 529.4878048780488, 74.82926829268293, 531.9268292682926, 150.4390243902439, 530.7073170731707, 218.73170731707316, 533.1463414634146, 317.5121951219512, 536.8048780487804, 427.2682926829268, 544.1219512195122, 502.87804878048775, 541.6829268292682, 580.9268292682926, 545.3414634146341, 654.0975609756097, 549.0, 704.0975609756097, 550.2195121951219, 743.1219512195121, 547.780487804878, 829.7073170731707, 562.4146341463414, 907.7560975609755, 569.7317073170731, 1019.951219512195, 584.3658536585366, 1116.2926829268292, 592.9024390243902, 1206.5365853658536, 595.3414634146341, 1243.121951219512, 631.9268292682926, 1299.2195121951218, 672.170731707317, 1369.951219512195, 722.170731707317, 1441.90243902439, 775.8292682926829, 1505.3170731707316, 820.951219512195, 1578.4878048780486, 877.0487804878048, 1661.4146341463413, 939.2439024390243, 1728.4878048780486, 988.0243902439024, 1791.90243902439, 1044.121951219512, 1845.560975609756, 1074.6097560975609, 8.97560975609756, 1070.951219512195, 0.0, 629.0]], "area": 773272.0, "bbox": [0.0, 529.0, 1846.0, 546.0], "iscrowd": 0}, {"id": 32, "image_id": 32, "category_id": 1, "segmentation": [[7.7560975609756095, 533.1463414634146, 93.12195121951218, 529.4878048780488, 213.85365853658536, 530.7073170731707, 300.4390243902439, 533.1463414634146, 396.780487804878, 540.4634146341463, 491.9024390243902, 542.9024390243902, 587.0243902439024, 546.560975609756, 632.1463414634146, 550.2195121951219, 699.2195121951219, 552.6585365853658, 758.9756097560975, 555.0975609756097, 826.0487804878048, 562.4146341463414, 915.0731707317073, 569.7317073170731, 1011.4146341463414, 584.3658536585366, 1113.8536585365853, 592.9024390243902, 1174.8292682926829, 600.2195121951219, 1202.8780487804877, 596.560975609756, 1235.8048780487804, 622.170731707317, 1278.4878048780488, 655.0975609756097, 1337.0243902439024, 701.4390243902438, 1402.8780487804877, 751.4390243902438, 1473.6097560975609, 796.560975609756, 1541.90243902439, 848.9999999999999, 1605.3170731707316, 898.9999999999999, 1678.4878048780486, 953.8780487804877, 1763.8536585365853, 1012.4146341463413, 1841.90243902439, 1074.6097560975609, 7.7560975609756095, 1075.8292682926829]], "area": 775787.0, "bbox": [7.0, 529.0, 1835.0, 547.0], "iscrowd": 0}, {"id": 33, "image_id": 33, "category_id": 1, "segmentation": [[6.536585365853657, 531.9268292682926, 130.92682926829266, 529.4878048780488, 290.6829268292683, 533.1463414634146, 421.17073170731703, 541.6829268292682, 554.0975609756097, 547.780487804878, 639.4634146341463, 549.0, 698.0, 544.1219512195122, 777.2682926829268, 556.3170731707316, 865.0731707317073, 562.4146341463414, 985.8048780487804, 579.4878048780487, 1083.3658536585365, 590.4634146341463, 1169.951219512195, 597.780487804878, 1200.4390243902437, 592.9024390243902, 1229.7073170731705, 620.951219512195, 1269.951219512195, 646.560975609756, 1319.951219512195, 686.8048780487804, 1382.1463414634145, 731.9268292682926, 1448.0, 781.9268292682926, 1533.3658536585365, 838.0243902439024, 1599.2195121951218, 894.1219512195121, 1674.8292682926829, 947.780487804878, 1749.2195121951218, 1008.7560975609756, 1840.6829268292681, 1077.0487804878048, 10.19512195121951, 1073.390243902439]], "area": 777045.0, "bbox": [6.0, 529.0, 1835.0, 549.0], "iscrowd": 0}, {"id": 34, "image_id": 34, "category_id": 1, "segmentation": [[7.7560975609756095, 530.7073170731707, 122.39024390243901, 531.9268292682926, 218.73170731707316, 531.9268292682926, 318.73170731707313, 536.8048780487804, 438.24390243902434, 546.560975609756, 539.4634146341463, 553.8780487804878, 593.1219512195122, 547.780487804878, 662.6341463414634, 547.780487804878, 718.7317073170731, 549.0, 789.4634146341463, 557.5365853658536, 888.2439024390243, 569.7317073170731, 988.2439024390243, 577.0487804878048, 1060.1951219512193, 588.0243902439024, 1177.2682926829268, 599.0, 1198.0, 592.9024390243902, 1229.7073170731705, 623.390243902439, 1296.780487804878, 668.5121951219512, 1356.5365853658536, 713.6341463414634, 1435.8048780487804, 773.390243902439, 1540.6829268292681, 841.6829268292682, 1628.4878048780486, 916.0731707317073, 1718.731707317073, 985.5853658536585, 1840.6829268292681, 1074.6097560975609, 8.97560975609756, 1073.390243902439]], "area": 772625.0, "bbox": [7.0, 530.0, 1834.0, 545.0], "iscrowd": 0}, {"id": 35, "image_id": 35, "category_id": 1, "segmentation": [[5.317073170731707, 533.1463414634146, 91.90243902439023, 530.7073170731707, 188.24390243902437, 534.3658536585366, 268.73170731707313, 534.3658536585366, 383.36585365853654, 536.8048780487804, 529.7073170731707, 545.3414634146341, 643.1219512195122, 550.2195121951219, 719.951219512195, 550.2195121951219, 802.8780487804877, 555.0975609756097, 904.0975609756097, 569.7317073170731, 1022.3902439024389, 581.9268292682926, 1156.5365853658536, 599.0, 1205.3170731707316, 594.1219512195122, 1237.0243902439024, 627.0487804878048, 1295.560975609756, 664.8536585365853, 1366.2926829268292, 722.170731707317, 1455.3170731707316, 785.5853658536585, 1545.560975609756, 850.2195121951219, 1666.2926829268292, 941.6829268292682, 1767.512195121951, 1018.5121951219512, 1839.4634146341461, 1072.170731707317, 7.7560975609756095, 1073.390243902439]], "area": 773704.0, "bbox": [5.0, 530.0, 1835.0, 544.0], "iscrowd": 0}, {"id": 36, "image_id": 36, "category_id": 1, "segmentation": [[6.536585365853657, 531.9268292682926, 133.36585365853657, 530.7073170731707, 244.34146341463412, 530.7073170731707, 412.6341463414634, 544.1219512195122, 562.6341463414634, 549.0, 676.0487804878048, 551.4390243902438, 768.7317073170731, 555.0975609756097, 879.7073170731707, 569.7317073170731, 1002.8780487804877, 584.3658536585366, 1122.390243902439, 595.3414634146341, 1202.8780487804877, 595.3414634146341, 1244.341463414634, 629.4878048780487, 1313.8536585365853, 677.0487804878048, 1398.0, 738.0243902439024, 1497.9999999999998, 816.0731707317073, 1612.6341463414633, 898.9999999999999, 1717.512195121951, 977.0487804878048, 1845.560975609756, 1073.390243902439, 11.414634146341463, 1069.7317073170732]], "area": 769232.0, "bbox": [6.0, 530.0, 1840.0, 544.0], "iscrowd": 0}, {"id": 37, "image_id": 37, "category_id": 1, "segmentation": [[5.317073170731707, 530.7073170731707, 133.36585365853657, 530.7073170731707, 257.7560975609756, 535.5853658536585, 396.780487804878, 544.1219512195122, 508.9756097560975, 542.9024390243902, 629.7073170731707, 549.0, 711.4146341463414, 553.8780487804878, 795.560975609756, 557.5365853658536, 872.390243902439, 567.2926829268292, 976.0487804878048, 575.8292682926829, 1085.8048780487804, 589.2439024390244, 1198.0, 592.9024390243902, 1222.390243902439, 616.0731707317073, 1272.390243902439, 647.780487804878, 1328.4878048780488, 697.780487804878, 1388.2439024390244, 738.0243902439024, 1489.4634146341461, 803.8780487804877, 1599.2195121951218, 894.1219512195121, 1718.731707317073, 986.8048780487804, 1834.5853658536585, 1074.6097560975609, 10.19512195121951, 1072.170731707317]], "area": 772208.0, "bbox": [5.0, 530.0, 1830.0, 545.0], "iscrowd": 0}, {"id": 38, "image_id": 38, "category_id": 1, "segmentation": [[4.097560975609755, 529.4878048780488, 129.7073170731707, 530.7073170731707, 260.1951219512195, 535.5853658536585, 427.2682926829268, 547.780487804878, 560.1951219512194, 546.560975609756, 673.6097560975609, 553.8780487804878, 780.9268292682926, 557.5365853658536, 845.560975609756, 566.0731707317073, 934.5853658536585, 575.8292682926829, 1099.219512195122, 591.6829268292682, 1199.2195121951218, 592.9024390243902, 1224.8292682926829, 611.1951219512194, 1276.0487804878048, 650.2195121951219, 1328.4878048780488, 697.780487804878, 1407.7560975609756, 755.0975609756097, 1499.2195121951218, 816.0731707317073, 1585.8048780487804, 884.3658536585365, 1716.2926829268292, 977.0487804878048, 1837.0243902439022, 1073.390243902439, 10.19512195121951, 1072.170731707317]], "area": 770245.0, "bbox": [4.0, 529.0, 1834.0, 545.0], "iscrowd": 0}, {"id": 39, "image_id": 39, "category_id": 1, "segmentation": [[7.7560975609756095, 527.0487804878048, 127.26829268292681, 531.9268292682926, 272.390243902439, 538.0243902439024, 390.68292682926824, 545.3414634146341, 513.8536585365853, 544.1219512195122, 657.7560975609756, 550.2195121951219, 772.390243902439, 557.5365853658536, 834.5853658536585, 558.7560975609756, 941.9024390243902, 573.390243902439, 1024.8292682926829, 575.8292682926829, 1117.5121951219512, 589.2439024390244, 1198.0, 590.4634146341463, 1232.1463414634145, 620.951219512195, 1300.4390243902437, 673.390243902439, 1389.4634146341461, 736.8048780487804, 1454.0975609756097, 781.9268292682926, 1535.8048780487804, 840.4634146341463, 1621.170731707317, 917.2926829268292, 1728.4878048780486, 989.2439024390244, 1830.9268292682925, 1066.0731707317073, 11.414634146341463, 1070.951219512195, 12.634146341463413, 539.2439024390244]], "area": 761718.0, "bbox": [7.0, 527.0, 1824.0, 544.0], "iscrowd": 0}, {"id": 40, "image_id": 40, "category_id": 1, "segmentation": [[7.7560975609756095, 531.9268292682926, 119.95121951219511, 533.1463414634146, 247.99999999999997, 536.8048780487804, 466.29268292682923, 544.1219512195122, 652.8780487804878, 551.4390243902438, 799.2195121951219, 556.3170731707316, 979.7073170731707, 578.2682926829268, 1152.8780487804877, 589.2439024390244, 1194.341463414634, 588.0243902439024, 1224.8292682926829, 611.1951219512194, 1262.6341463414633, 638.0243902439024, 1306.5365853658536, 679.4878048780487, 1376.0487804878048, 719.7317073170731, 1463.8536585365853, 790.4634146341463, 1554.0975609756097, 858.7560975609755, 1654.0975609756097, 933.1463414634146, 1757.7560975609754, 1013.6341463414633, 1839.4634146341461, 1074.6097560975609, 7.7560975609756095, 1075.8292682926829]], "area": 776260.0, "bbox": [7.0, 531.0, 1833.0, 545.0], "iscrowd": 0}, {"id": 41, "image_id": 41, "category_id": 1, "segmentation": [[5.317073170731707, 531.9268292682926, 146.78048780487805, 528.2682926829268, 228.48780487804876, 529.4878048780488, 328.48780487804873, 530.7073170731707, 447.99999999999994, 539.2439024390244, 537.0243902439024, 538.0243902439024, 671.170731707317, 551.4390243902438, 771.170731707317, 555.0975609756097, 830.9268292682926, 555.0975609756097, 919.951219512195, 568.5121951219512, 1049.219512195122, 585.5853658536585, 1156.5365853658536, 596.560975609756, 1199.2195121951218, 591.6829268292682, 1221.170731707317, 614.8536585365853, 1274.8292682926829, 645.3414634146341, 1333.3658536585365, 696.560975609756, 1407.7560975609756, 746.560975609756, 1508.9756097560974, 818.5121951219512, 1571.170731707317, 870.951219512195, 1661.4146341463413, 942.9024390243902, 1752.8780487804877, 1009.9756097560976, 1841.90243902439, 1069.7317073170732, 12.634146341463413, 1068.5121951219512]], "area": 768335.0, "bbox": [5.0, 528.0, 1837.0, 542.0], "iscrowd": 0}, {"id": 42, "image_id": 42, "category_id": 1, "segmentation": [[2.8780487804878048, 528.2682926829268, 123.60975609756096, 533.1463414634146, 251.65853658536582, 533.1463414634146, 356.5365853658536, 535.5853658536585, 460.1951219512195, 541.6829268292682, 578.4878048780488, 536.8048780487804, 656.5365853658536, 550.2195121951219, 743.1219512195121, 552.6585365853658, 788.2439024390243, 552.6585365853658, 845.560975609756, 562.4146341463414, 923.6097560975609, 568.5121951219512, 1038.2439024390244, 583.1463414634146, 1110.1951219512193, 588.0243902439024, 1198.0, 591.6829268292682, 1240.6829268292681, 619.7317073170731, 1315.0731707317073, 680.7073170731707, 1406.5365853658536, 748.9999999999999, 1494.341463414634, 809.9756097560975, 1610.1951219512193, 895.3414634146341, 1724.8292682926829, 984.3658536585365, 1834.5853658536585, 1070.951219512195, 6.536585365853657, 1070.951219512195]], "area": 775042.0, "bbox": [2.0, 528.0, 1833.0, 543.0], "iscrowd": 0}, {"id": 43, "image_id": 43, "category_id": 1, "segmentation": [[7.7560975609756095, 525.8292682926829, 112.6341463414634, 524.6097560975609, 251.65853658536582, 529.4878048780488, 357.7560975609756, 530.7073170731707, 490.68292682926824, 539.2439024390244, 637.0243902439024, 546.560975609756, 737.0243902439024, 551.4390243902438, 794.3414634146341, 556.3170731707316, 888.2439024390243, 566.0731707317073, 988.2439024390243, 577.0487804878048, 1162.6341463414633, 592.9024390243902, 1202.8780487804877, 591.6829268292682, 1250.4390243902437, 631.9268292682926, 1341.90243902439, 705.0975609756097, 1455.3170731707316, 786.8048780487804, 1571.170731707317, 868.5121951219511, 1695.560975609756, 962.4146341463414, 1838.2439024390242, 1072.170731707317, 7.7560975609756095, 1074.6097560975609]], "area": 778417.0, "bbox": [7.0, 524.0, 1832.0, 551.0], "iscrowd": 0}, {"id": 44, "image_id": 44, "category_id": 1, "segmentation": [[7.7560975609756095, 528.2682926829268, 160.1951219512195, 533.1463414634146, 306.5365853658536, 535.5853658536585, 429.7073170731707, 538.0243902439024, 561.4146341463414, 539.2439024390244, 680.9268292682926, 549.0, 767.5121951219512, 550.2195121951219, 846.780487804878, 562.4146341463414, 997.9999999999999, 578.2682926829268, 1156.5365853658536, 592.9024390243902, 1198.0, 592.9024390243902, 1246.780487804878, 631.9268292682926, 1348.0, 708.7560975609756, 1462.6341463414633, 786.8048780487804, 1568.731707317073, 867.2926829268292, 1680.9268292682925, 952.6585365853658, 1784.5853658536585, 1035.5853658536585, 1846.780487804878, 1074.6097560975609, 4.097560975609755, 1073.390243902439]], "area": 777959.0, "bbox": [4.0, 528.0, 1843.0, 547.0], "iscrowd": 0}, {"id": 45, "image_id": 45, "category_id": 1, "segmentation": [[6.536585365853657, 529.4878048780488, 123.60975609756096, 531.9268292682926, 260.1951219512195, 533.1463414634146, 405.3170731707317, 536.8048780487804, 550.4390243902438, 540.4634146341463, 671.170731707317, 551.4390243902438, 769.951219512195, 553.8780487804878, 808.9756097560975, 552.6585365853658, 874.8292682926829, 564.8536585365853, 988.2439024390243, 581.9268292682926, 1082.1463414634145, 591.6829268292682, 1183.3658536585365, 594.1219512195122, 1206.5365853658536, 595.3414634146341, 1230.9268292682925, 618.5121951219512, 1278.4878048780488, 652.6585365853658, 1337.0243902439024, 701.4390243902438, 1395.560975609756, 740.4634146341463, 1471.170731707317, 796.560975609756, 1555.3170731707316, 859.9756097560975, 1644.341463414634, 927.0487804878048, 1724.8292682926829, 985.5853658536585, 1789.4634146341461, 1029.4878048780488, 1845.560975609756, 1072.170731707317, 10.19512195121951, 1075.8292682926829]], "area": 776016.0, "bbox": [6.0, 529.0, 1840.0, 547.0], "iscrowd": 0}, {"id": 46, "image_id": 46, "category_id": 1, "segmentation": [[7.7560975609756095, 534.3658536585366, 95.56097560975608, 535.5853658536585, 235.80487804878047, 531.9268292682926, 363.8536585365853, 538.0243902439024, 485.80487804878044, 540.4634146341463, 601.6585365853658, 545.3414634146341, 707.7560975609756, 551.4390243902438, 784.5853658536585, 555.0975609756097, 828.4878048780487, 556.3170731707316, 933.3658536585365, 572.170731707317, 1066.2926829268292, 586.8048780487804, 1198.0, 591.6829268292682, 1244.341463414634, 625.8292682926829, 1318.731707317073, 680.7073170731707, 1400.4390243902437, 740.4634146341463, 1515.0731707317073, 822.170731707317, 1608.9756097560974, 903.8780487804877, 1721.170731707317, 983.1463414634145, 1844.341463414634, 1073.390243902439, 5.317073170731707, 1072.170731707317]], "area": 775974.0, "bbox": [5.0, 531.0, 1840.0, 543.0], "iscrowd": 0}, {"id": 47, "image_id": 47, "category_id": 1, "segmentation": [[5.317073170731707, 535.5853658536585, 108.97560975609755, 528.2682926829268, 251.65853658536582, 533.1463414634146, 413.8536585365853, 529.4878048780488, 504.0975609756097, 540.4634146341463, 608.9756097560975, 553.8780487804878, 688.2439024390243, 549.0, 761.4146341463414, 555.0975609756097, 823.6097560975609, 559.9756097560975, 908.9756097560975, 572.170731707317, 1008.9756097560975, 577.0487804878048, 1126.0487804878048, 594.1219512195122, 1190.6829268292681, 595.3414634146341, 1204.0975609756097, 595.3414634146341, 1243.121951219512, 625.8292682926829, 1316.2926829268292, 685.5853658536585, 1380.9268292682925, 727.0487804878048, 1446.780487804878, 773.390243902439, 1510.1951219512193, 822.170731707317, 1577.2682926829268, 881.9268292682926, 1654.0975609756097, 938.0243902439024, 1730.9268292682925, 986.8048780487804, 1811.4146341463413, 1053.8780487804877, 1835.8048780487804, 1072.170731707317, 7.7560975609756095, 1075.8292682926829]], "area": 776923.0, "bbox": [5.0, 528.0, 1831.0, 548.0], "iscrowd": 0}, {"id": 48, "image_id": 48, "category_id": 1, "segmentation": [[4.097560975609755, 530.7073170731707, 121.17073170731706, 531.9268292682926, 244.34146341463412, 527.0487804878048, 339.4634146341463, 527.0487804878048, 494.3414634146341, 535.5853658536585, 626.0487804878048, 545.3414634146341, 726.0487804878048, 550.2195121951219, 787.0243902439024, 555.0975609756097, 851.6585365853658, 562.4146341463414, 933.3658536585365, 570.951219512195, 1038.2439024390244, 581.9268292682926, 1137.0243902439024, 591.6829268292682, 1200.4390243902437, 594.1219512195122, 1254.0975609756097, 633.1463414634146, 1328.4878048780488, 694.1219512195121, 1415.0731707317073, 756.3170731707316, 1512.6341463414633, 818.5121951219512, 1596.780487804878, 891.6829268292682, 1704.0975609756097, 973.3902439024389, 1796.780487804878, 1035.5853658536585, 1837.0243902439022, 1072.170731707317, 8.97560975609756, 1073.390243902439]], "area": 778600.0, "bbox": [4.0, 527.0, 1834.0, 547.0], "iscrowd": 0}, {"id": 49, "image_id": 49, "category_id": 1, "segmentation": [[7.7560975609756095, 533.1463414634146, 148.0, 529.4878048780488, 404.0975609756097, 533.1463414634146, 573.6097560975609, 540.4634146341463, 717.5121951219512, 551.4390243902438, 796.780487804878, 556.3170731707316, 918.7317073170731, 567.2926829268292, 1107.7560975609756, 588.0243902439024, 1201.6585365853657, 589.2439024390244, 1260.1951219512193, 636.8048780487804, 1380.9268292682925, 733.1463414634146, 1543.121951219512, 842.9024390243902, 1695.560975609756, 963.6341463414633, 1839.4634146341461, 1070.951219512195, 5.317073170731707, 1073.390243902439]], "area": 777149.0, "bbox": [5.0, 529.0, 1835.0, 545.0], "iscrowd": 0}, {"id": 50, "image_id": 50, "category_id": 1, "segmentation": [[6.536585365853657, 536.8048780487804, 158.97560975609755, 528.2682926829268, 384.5853658536585, 531.9268292682926, 589.4634146341463, 545.3414634146341, 745.560975609756, 551.4390243902438, 819.951219512195, 558.7560975609756, 935.8048780487804, 569.7317073170731, 1095.560975609756, 586.8048780487804, 1204.0975609756097, 594.1219512195122, 1268.7317073170732, 640.4634146341463, 1399.2195121951218, 744.1219512195121, 1537.0243902439024, 846.560975609756, 1685.8048780487804, 961.1951219512194, 1834.5853658536585, 1070.951219512195, 7.7560975609756095, 1073.390243902439]], "area": 774684.0, "bbox": [6.0, 528.0, 1829.0, 546.0], "iscrowd": 0}, {"id": 51, "image_id": 51, "category_id": 1, "segmentation": [[7.7560975609756095, 531.9268292682926, 235.80487804878047, 540.4634146341463, 422.390243902439, 542.9024390243902, 563.8536585365853, 549.0, 698.0, 557.5365853658536, 795.560975609756, 556.3170731707316, 919.951219512195, 574.6097560975609, 1041.90243902439, 586.8048780487804, 1163.8536585365853, 595.3414634146341, 1200.4390243902437, 595.3414634146341, 1240.6829268292681, 627.0487804878048, 1319.951219512195, 690.4634146341463, 1400.4390243902437, 748.9999999999999, 1495.560975609756, 813.6341463414633, 1585.8048780487804, 885.5853658536585, 1677.2682926829268, 952.6585365853658, 1760.1951219512193, 1018.5121951219512, 1839.4634146341461, 1074.6097560975609, 8.97560975609756, 1073.390243902439]], "area": 769090.0, "bbox": [7.0, 531.0, 1833.0, 544.0], "iscrowd": 0}, {"id": 52, "image_id": 52, "category_id": 1, "segmentation": [[10.19512195121951, 540.4634146341463, 251.65853658536582, 541.6829268292682, 427.2682926829268, 542.9024390243902, 606.5365853658536, 550.2195121951219, 724.8292682926829, 556.3170731707316, 805.3170731707316, 555.0975609756097, 950.4390243902438, 572.170731707317, 1122.390243902439, 588.0243902439024, 1199.2195121951218, 594.1219512195122, 1252.8780487804877, 639.2439024390243, 1327.2682926829268, 697.780487804878, 1435.8048780487804, 773.390243902439, 1563.8536585365853, 867.2926829268292, 1679.7073170731705, 958.7560975609755, 1840.6829268292681, 1070.951219512195, 6.536585365853657, 1072.170731707317]], "area": 764776.0, "bbox": [6.0, 540.0, 1835.0, 533.0], "iscrowd": 0}, {"id": 53, "image_id": 53, "category_id": 1, "segmentation": [[8.97560975609756, 535.5853658536585, 162.6341463414634, 533.1463414634146, 427.2682926829268, 539.2439024390244, 612.6341463414634, 549.0, 741.9024390243902, 561.1951219512194, 808.9756097560975, 563.6341463414634, 900.4390243902438, 570.951219512195, 1054.0975609756097, 585.5853658536585, 1178.4878048780488, 592.9024390243902, 1193.121951219512, 589.2439024390244, 1224.8292682926829, 620.951219512195, 1284.5853658536585, 663.6341463414634, 1334.5853658536585, 700.2195121951219, 1410.1951219512193, 753.8780487804877, 1521.170731707317, 828.2682926829268, 1601.6585365853657, 896.560975609756, 1688.2439024390242, 961.1951219512194, 1778.4878048780486, 1029.4878048780488, 1843.121951219512, 1075.8292682926829, 6.536585365853657, 1073.390243902439]], "area": 772886.0, "bbox": [6.0, 533.0, 1838.0, 543.0], "iscrowd": 0}, {"id": 54, "image_id": 54, "category_id": 1, "segmentation": [[2.8780487804878048, 533.1463414634146, 180.92682926829266, 531.9268292682926, 399.2195121951219, 544.1219512195122, 579.7073170731707, 551.4390243902438, 690.6829268292682, 553.8780487804878, 754.0975609756097, 558.7560975609756, 802.8780487804877, 557.5365853658536, 897.9999999999999, 569.7317073170731, 1019.951219512195, 584.3658536585366, 1143.121951219512, 592.9024390243902, 1201.6585365853657, 597.780487804878, 1262.6341463414633, 641.6829268292682, 1354.0975609756097, 712.4146341463414, 1493.121951219512, 809.9756097560975, 1641.90243902439, 930.7073170731707, 1779.7073170731705, 1029.4878048780488, 1833.3658536585365, 1069.7317073170732, 7.7560975609756095, 1070.951219512195]], "area": 765488.0, "bbox": [2.0, 531.0, 1832.0, 540.0], "iscrowd": 0}, {"id": 55, "image_id": 55, "category_id": 1, "segmentation": [[7.7560975609756095, 530.7073170731707, 116.29268292682926, 538.0243902439024, 246.78048780487802, 540.4634146341463, 405.3170731707317, 542.9024390243902, 571.170731707317, 549.0, 712.6341463414634, 557.5365853658536, 812.6341463414634, 558.7560975609756, 944.3414634146341, 574.6097560975609, 1080.9268292682925, 588.0243902439024, 1196.780487804878, 592.9024390243902, 1249.2195121951218, 635.5853658536585, 1324.8292682926829, 698.9999999999999, 1427.2682926829268, 770.951219512195, 1539.4634146341461, 850.2195121951219, 1634.5853658536585, 922.170731707317, 1740.6829268292681, 995.3414634146341, 1841.90243902439, 1074.6097560975609, 7.7560975609756095, 1073.390243902439]], "area": 769520.0, "bbox": [7.0, 530.0, 1835.0, 545.0], "iscrowd": 0}, {"id": 56, "image_id": 56, "category_id": 1, "segmentation": [[6.536585365853657, 533.1463414634146, 185.80487804878047, 541.6829268292682, 410.1951219512195, 539.2439024390244, 584.5853658536585, 546.560975609756, 749.2195121951219, 557.5365853658536, 829.7073170731707, 558.7560975609756, 939.4634146341463, 574.6097560975609, 1106.5365853658536, 591.6829268292682, 1199.2195121951218, 590.4634146341463, 1263.8536585365853, 639.2439024390243, 1330.9268292682925, 695.3414634146341, 1417.5121951219512, 759.9756097560975, 1513.8536585365853, 825.8292682926829, 1610.1951219512193, 902.6585365853658, 1693.121951219512, 964.8536585365853, 1776.0487804878048, 1027.0487804878048, 1840.6829268292681, 1069.7317073170732, 7.7560975609756095, 1070.951219512195]], "area": 765468.0, "bbox": [6.0, 533.0, 1835.0, 538.0], "iscrowd": 0}, {"id": 57, "image_id": 57, "category_id": 1, "segmentation": [[7.7560975609756095, 535.5853658536585, 166.29268292682926, 530.7073170731707, 322.390243902439, 535.5853658536585, 483.36585365853654, 546.560975609756, 633.3658536585366, 546.560975609756, 743.1219512195121, 557.5365853658536, 846.780487804878, 566.0731707317073, 917.5121951219511, 569.7317073170731, 1007.7560975609755, 580.7073170731707, 1117.5121951219512, 592.9024390243902, 1177.2682926829268, 599.0, 1204.0975609756097, 594.1219512195122, 1258.9756097560974, 640.4634146341463, 1338.2439024390244, 701.4390243902438, 1413.8536585365853, 757.5365853658536, 1504.0975609756097, 818.5121951219512, 1571.170731707317, 877.0487804878048, 1668.731707317073, 942.9024390243902, 1754.0975609756097, 1006.3170731707316, 1840.6829268292681, 1070.951219512195, 8.97560975609756, 1070.951219512195]], "area": 767794.0, "bbox": [7.0, 530.0, 1834.0, 541.0], "iscrowd": 0}, {"id": 58, "image_id": 58, "category_id": 1, "segmentation": [[7.7560975609756095, 538.0243902439024, 141.90243902439022, 534.3658536585366, 299.2195121951219, 538.0243902439024, 511.4146341463414, 545.3414634146341, 684.5853658536585, 552.6585365853658, 795.560975609756, 559.9756097560975, 880.9268292682926, 561.1951219512194, 1007.7560975609755, 579.4878048780487, 1135.8048780487804, 589.2439024390244, 1200.4390243902437, 585.5853658536585, 1252.8780487804877, 631.9268292682926, 1323.6097560975609, 684.3658536585365, 1421.170731707317, 764.8536585365853, 1535.8048780487804, 846.560975609756, 1657.7560975609754, 931.9268292682926, 1765.0731707317073, 1016.0731707317073, 1844.341463414634, 1074.6097560975609, 8.97560975609756, 1074.6097560975609]], "area": 776259.0, "bbox": [7.0, 534.0, 1838.0, 541.0], "iscrowd": 0}, {"id": 59, "image_id": 59, "category_id": 1, "segmentation": [[7.7560975609756095, 539.2439024390244, 144.34146341463415, 533.1463414634146, 283.36585365853654, 539.2439024390244, 415.0731707317073, 542.9024390243902, 558.9756097560975, 547.780487804878, 679.7073170731707, 553.8780487804878, 807.7560975609756, 559.9756097560975, 901.6585365853658, 567.2926829268292, 1035.8048780487804, 584.3658536585366, 1156.5365853658536, 594.1219512195122, 1201.6585365853657, 589.2439024390244, 1249.2195121951218, 629.4878048780487, 1328.4878048780488, 692.9024390243902, 1383.3658536585365, 734.3658536585365, 1463.8536585365853, 790.4634146341463, 1552.8780487804877, 856.3170731707316, 1651.6585365853657, 930.7073170731707, 1760.1951219512193, 1012.4146341463413, 1830.9268292682925, 1072.170731707317, 6.536585365853657, 1072.170731707317]], "area": 771161.0, "bbox": [6.0, 533.0, 1825.0, 540.0], "iscrowd": 0}], "categories": [{"supercategory": null, "id": 0, "name": "_background_"}, {"supercategory": null, "id": 1, "name": "beach"}]}